time,open,high,low,close,volume
2025-01-02,1.43736,1.44422,1.4369100000000001,1.4402599999999999,79844
2025-01-03,1.43912,1.4463599999999999,1.43832,1.44483,65958
2025-01-06,1.44303,1.44505,1.42797,1.43323,104267
2025-01-07,1.4322599999999999,1.43712,1.42978,1.43709,81538
2025-01-08,1.4359899999999999,1.44099,1.43393,1.43753,91378
2025-01-09,1.43618,1.44049,1.43608,1.43934,57433
2025-01-10,1.4393099999999999,1.44429,1.4375499999999999,1.4420899999999999,94897
2025-01-13,1.44105,1.44472,1.43747,1.43767,90368
2025-01-14,1.43644,1.44104,1.4343,1.4349,96872
2025-01-15,1.4349,1.43669,1.43021,1.43396,78815
2025-01-16,1.43397,1.44032,1.43164,1.43927,86464
2025-01-17,1.43943,1.44848,1.4381599999999999,1.44766,79265
2025-01-20,1.44557,1.44855,1.42612,1.43038,78585
2025-01-21,1.43045,1.45169,1.42897,1.43219,119863
2025-01-22,1.4319,1.43912,1.43008,1.43766,82672
2025-01-23,1.43693,1.44136,1.43341,1.43844,73319
2025-01-24,1.43798,1.43839,1.43147,1.43394,72369
2025-01-27,1.43556,1.44015,1.43335,1.43734,84010
2025-01-28,1.43693,1.44201,1.4362599999999999,1.44032,67866
2025-01-29,1.43934,1.44715,1.43824,1.44194,72373
2025-01-30,1.44096,1.45949,1.4392800000000001,1.44845,62803
2025-01-31,1.44741,1.45595,1.43708,1.4537200000000001,91219
2025-02-03,1.47343,1.47931,1.4388,1.44286,130533
2025-02-04,1.4425,1.4503599999999999,1.43021,1.4319,77673
2025-02-05,1.43187,1.43446,1.4268,1.43159,65031
2025-02-06,1.43058,1.43668,1.43012,1.43041,55124
2025-02-07,1.43035,1.4344999999999999,1.4273799999999999,1.42917,67193
2025-02-10,1.43458,1.43764,1.43056,1.43154,52652
2025-02-11,1.4313799999999999,1.43458,1.42785,1.4283299999999999,49010
2025-02-12,1.42847,1.43425,1.42557,1.43098,66080
2025-02-13,1.43062,1.43062,1.41831,1.41937,67310
2025-02-14,1.41927,1.42015,1.4151,1.4169,56226
2025-02-17,1.4156900000000001,1.41943,1.4156900000000001,1.41808,37789
2025-02-18,1.41756,1.4212799999999999,1.41733,1.41933,52167
2025-02-19,1.41928,1.42456,1.41754,1.42392,59736
2025-02-20,1.42297,1.42451,1.41662,1.41751,64372
2025-02-21,1.41686,1.42362,1.41642,1.42251,67492
2025-02-24,1.4197899999999999,1.42679,1.41819,1.42587,72387
2025-02-25,1.4256,1.43176,1.4239899999999999,1.43175,78757
2025-02-26,1.43105,1.43685,1.42942,1.43361,75303
2025-02-27,1.43359,1.44492,1.43222,1.44351,77456
2025-02-28,1.44308,1.44715,1.43997,1.44594,84504
2025-03-03,1.4438,1.45419,1.43689,1.44771,86442
2025-03-04,1.44774,1.45428,1.4371,1.43915,115804
2025-03-05,1.43871,1.44501,1.43301,1.43422,106339
2025-03-06,1.43332,1.43767,1.42392,1.42945,107313
2025-03-07,1.42937,1.44264,1.4279600000000001,1.43711,98456
2025-03-10,1.4363299999999999,1.44727,1.43461,1.44391,99714
2025-03-11,1.44344,1.45213,1.4379,1.44343,120552
2025-03-12,1.44343,1.44848,1.43534,1.43704,88947
2025-03-13,1.43673,1.44515,1.4357,1.4442300000000001,93602
2025-03-14,1.44361,1.44446,1.43555,1.43637,86160
2025-03-17,1.43762,1.43807,1.42756,1.42854,68344
2025-03-18,1.42847,1.43195,1.42529,1.4297,67791
2025-03-19,1.429,1.4349,1.42812,1.43262,69727
2025-03-20,1.43247,1.44015,1.43129,1.43221,69732
2025-03-21,1.43213,1.43731,1.4313799999999999,1.43469,65369
2025-03-24,1.435,1.4351,1.42895,1.43184,64546
2025-03-25,1.43125,1.4332799999999999,1.4271,1.42766,59603
2025-03-26,1.42737,1.42985,1.42351,1.42686,64012
2025-03-27,1.42656,1.4329100000000001,1.42594,1.43048,70656
2025-03-28,1.4304999999999999,1.43333,1.42763,1.43146,59543
2025-03-31,1.43014,1.43961,1.42932,1.4389,68356
2025-04-01,1.43868,1.4415200000000001,1.42977,1.43037,74838
2025-04-02,1.4302000000000001,1.43655,1.42298,1.42476,73945
2025-04-03,1.42272,1.43183,1.40274,1.40976,143356
2025-04-04,1.4096600000000001,1.4259,1.4053499999999999,1.42202,166179
2025-04-07,1.42202,1.42963,1.4178899999999999,1.42487,208876
2025-04-08,1.42484,1.42721,1.41431,1.42634,149904
2025-04-09,1.42557,1.4273500000000001,1.40747,1.40766,180107
2025-04-10,1.40782,1.41101,1.39513,1.39836,151237
2025-04-11,1.39805,1.39858,1.38395,1.38596,162741
2025-04-14,1.38605,1.3911,1.38285,1.38715,104030
2025-04-15,1.3872900000000001,1.39778,1.385,1.39596,81398
2025-04-16,1.39496,1.39654,1.3854,1.38564,87511
2025-04-17,1.38522,1.3906100000000001,1.38282,1.38338,73129
2025-04-18,1.3829799999999999,1.38693,1.38284,1.38448,171459
2025-04-21,1.38388,1.38496,1.37813,1.38397,69021
2025-04-22,1.38362,1.38616,1.3793,1.38105,76604
2025-04-23,1.3807,1.39047,1.37982,1.38816,92331
2025-04-24,1.38811,1.38991,1.38399,1.3855,64190
2025-04-25,1.38473,1.38922,1.3843,1.38535,57611
2025-04-28,1.38611,1.38924,1.38165,1.38289,56609
2025-04-29,1.38288,1.38715,1.38084,1.38337,52606
2025-04-30,1.38314,1.38556,1.37701,1.37984,51166
2025-05-01,1.37977,1.38623,1.37843,1.38536,42780
2025-05-02,1.38532,1.38554,1.37603,1.38174,52893
2025-05-05,1.37832,1.3829799999999999,1.37832,1.38242,46811
2025-05-06,1.3824,1.38453,1.37507,1.37761,50278
2025-05-07,1.3775,1.38389,1.37613,1.38385,54427
2025-05-08,1.3838,1.3933,1.38136,1.39228,53492
2025-05-09,1.39194,1.39446,1.39066,1.39357,43441
2025-05-12,1.38877,1.40156,1.38877,1.39748,60384
2025-05-13,1.39747,1.40163,1.3931200000000001,1.39355,50463
2025-05-14,1.39355,1.3986100000000001,1.3902,1.39822,54138
2025-05-15,1.3982,1.40048,1.39558,1.39594,45350
2025-05-16,1.39592,1.39957,1.39355,1.39628,40805
2025-05-19,1.39688,1.3973,1.39174,1.39505,41986
2025-05-20,1.39508,1.39686,1.3909,1.39151,44637
2025-05-21,1.3915,1.39189,1.38143,1.38588,55881
2025-05-22,1.3859,1.38892,1.38461,1.3857,51103
2025-05-23,1.38572,1.38626,1.37093,1.37252,56433
2025-05-26,1.37279,1.37393,1.3686099999999999,1.37358,34279
2025-05-27,1.37352,1.3835899999999999,1.37222,1.38133,45362
2025-05-28,1.38083,1.3844699999999999,1.38016,1.3837,46228
2025-05-29,1.3835899999999999,1.38618,1.37851,1.38074,56967
2025-05-30,1.38077,1.383,1.3714,1.37362,53409
2025-06-02,1.37247,1.37366,1.36746,1.37118,53374
2025-06-03,1.3712900000000001,1.3743,1.37012,1.37202,45580
2025-06-04,1.37196,1.37318,1.36527,1.36791,52054
2025-06-05,1.36768,1.36842,1.36345,1.36738,53403
2025-06-06,1.3673899999999999,1.37046,1.36603,1.36969,51381
2025-06-09,1.3679000000000001,1.3707500000000001,1.36696,1.3698299999999999,40121
2025-06-10,1.36992,1.37286,1.36681,1.3670200000000001,46059
2025-06-11,1.36689,1.36902,1.365,1.36717,49788
2025-06-12,1.36684,1.36753,1.3599700000000001,1.36016,50453
2025-06-13,1.36008,1.36517,1.35663,1.35829,72142
2025-06-16,1.35831,1.3607,1.35399,1.357,63488
2025-06-17,1.35698,1.36931,1.35565,1.36749,56361
2025-06-18,1.36741,1.37033,1.36344,1.36928,62678
2025-06-19,1.36914,1.37463,1.36804,1.36997,47777
2025-06-20,1.36988,1.37467,1.36874,1.37324,51554
2025-06-23,1.37478,1.3798,1.37253,1.37345,70884
2025-06-24,1.37329,1.3738299999999999,1.36787,1.37243,53917
2025-06-25,1.37232,1.37546,1.36992,1.37253,47321
2025-06-26,1.37235,1.37247,1.36179,1.36401,55698
2025-06-27,1.36394,1.37589,1.3627799999999999,1.36842,55511
2025-06-30,1.36801,1.36999,1.3599700000000001,1.36067,60906
2025-07-01,1.36025,1.3667099999999999,1.35911,1.3646099999999999,50036
2025-07-02,1.36452,1.36589,1.35837,1.35926,48393
2025-07-03,1.3586,1.36243,1.3556599999999999,1.3584800000000001,46118
2025-07-04,1.35813,1.36174,1.35667,1.36015,63273
2025-07-07,1.35855,1.36859,1.35815,1.36826,51626
2025-07-08,1.36813,1.36944,1.3638,1.36621,49133
2025-07-09,1.36585,1.371,1.36514,1.3686,42602
2025-07-10,1.36845,1.37084,1.36534,1.36539,38675
2025-07-11,1.36541,1.37307,1.36521,1.36874,51452
2025-07-14,1.36982,1.37081,1.36701,1.37042,44799
2025-07-15,1.37038,1.373,1.36661,1.3722400000000001,45260
2025-07-16,1.3721,1.37555,1.36802,1.3681,49931
2025-07-17,1.3681,1.3774199999999999,1.3677000000000001,1.37528,43741
2025-07-18,1.37517,1.37517,1.36958,1.37265,36558
2025-07-21,1.3707099999999999,1.37348,1.36769,1.36819,41506
2025-07-22,1.36821,1.36955,1.36028,1.36053,36466
2025-07-23,1.36045,1.36291,1.3575599999999999,1.35961,39901
2025-07-24,1.3596,1.36547,1.35901,1.36374,39466
2025-07-25,1.36322,1.3725800000000001,1.36265,1.36996,45639
2025-07-28,1.36969,1.37424,1.3688799999999999,1.3738000000000001,47280
2025-07-29,1.37381,1.37885,1.37305,1.377,48547
2025-07-30,1.37696,1.38449,1.37587,1.38299,53366
2025-07-31,1.38275,1.38572,1.38136,1.38558,55700
2025-08-01,1.38527,1.3879299999999999,1.37632,1.37816,79215
2025-08-04,1.37711,1.37949,1.37584,1.37792,62259
2025-08-05,1.37777,1.38103,1.37626,1.37706,56405
2025-08-06,1.37707,1.37799,1.37355,1.37404,52572
2025-08-07,1.37395,1.3773900000000001,1.37216,1.37487,55190
2025-08-08,1.37438,1.37634,1.37259,1.37535,47037
2025-08-11,1.37442,1.37955,1.3744,1.3777300000000001,45613
2025-08-12,1.37774,1.3806,1.3754,1.37713,62078
2025-08-13,1.37714,1.37821,1.37517,1.37585,47321
2025-08-14,1.37577,1.38195,1.37445,1.38156,58289
2025-08-15,1.38159,1.38185,1.37875,1.38147,46754
2025-08-18,1.38067,1.38313,1.37831,1.38025,44999
2025-08-19,1.3801999999999999,1.38696,1.37948,1.3868,46714
2025-08-20,1.38672,1.38838,1.38516,1.3872900000000001,51933
2025-08-21,1.38724,1.3912,1.3862999999999999,1.39097,49971
2025-08-22,1.39097,1.39246,1.38145,1.38219,52790
2025-08-25,1.38091,1.3864,1.38091,1.3859,41608
2025-08-26,1.38578,1.38682,1.38224,1.38388,51725
2025-08-27,1.38376,1.3858,1.37829,1.37919,42777
2025-08-28,1.37889,1.379,1.37412,1.37489,47453
2025-08-29,1.37484,1.37793,1.37269,1.37338,47658
2025-09-01,1.37221,1.37621,1.37221,1.37499,33903
2025-09-02,1.3749500000000001,1.3815,1.37402,1.3782,57639
2025-09-03,1.37809,1.3807800000000001,1.37698,1.37921,51153
2025-09-04,1.3792499999999999,1.38456,1.3787099999999999,1.38175,43455
2025-09-05,1.3818,1.38543,1.37561,1.38244,52590
2025-09-08,1.38251,1.38448,1.37884,1.38023,51049
2025-09-09,1.38022,1.38599,1.37924,1.38432,46309
2025-09-10,1.3841,1.387,1.38307,1.38614,50966
2025-09-11,1.38586,1.38906,1.38262,1.38324,48856
2025-09-12,1.38312,1.38636,1.38204,1.38443,46295
2025-09-15,1.38263,1.38462,1.37669,1.37778,46731
2025-09-16,1.37767,1.37809,1.37338,1.3736,46075
2025-09-17,1.37382,1.37873,1.37267,1.37732,48743
2025-09-18,1.37724,1.381,1.37634,1.37955,53624
2025-09-19,1.37957,1.38255,1.37691,1.37794,58789
2025-09-22,1.37709,1.38317,1.37702,1.38177,49420
2025-09-23,1.3817599999999999,1.38501,1.38106,1.38352,53315
2025-09-24,1.38338,1.3906800000000001,1.38249,1.38961,53994
2025-09-25,1.38949,1.39497,1.3885,1.3939300000000001,55549
2025-09-26,1.39392,1.39588,1.39112,1.39398,54618
2025-09-29,1.3924699999999999,1.39472,1.39032,1.39135,49630
2025-09-30,1.3912499999999999,1.39361,1.38963,1.39194,51088
2025-10-01,1.39191,1.39572,1.39069,1.39362,57477
2025-10-02,1.3934199999999999,1.39865,1.39304,1.39663,47056
2025-10-03,1.39664,1.39695,1.3939599999999999,1.3947,50557
2025-10-06,1.39406,1.3968099999999999,1.39389,1.39416,53938
2025-10-07,1.39417,1.3963,1.39387,1.39493,52019
2025-10-08,1.3948800000000001,1.39709,1.39318,1.39524,53608
2025-10-09,1.39494,1.4034200000000001,1.3933499999999999,1.40229,60904
2025-10-10,1.40127,1.40344,1.39761,1.40003,71556
2025-10-13,1.39841,1.40395,1.39828,1.40358,61005
2025-10-14,1.40337,1.40802,1.40269,1.40431,65581
2025-10-15,1.40416,1.40601,1.40268,1.40392,59310
2025-10-16,1.4038300000000001,1.40609,1.40229,1.40553,63505
2025-10-17,1.40536,1.40674,1.40082,1.40209,52805
2025-10-20,1.4013499999999999,1.40512,1.40058,1.40389,38034
2025-10-21,1.40354,1.4066100000000001,1.40035,1.40235,45746
2025-10-22,1.4021,1.40324,1.39759,1.39954,44451
2025-10-23,1.39919,1.40049,1.39799,1.39921,34664
2025-10-24,1.39908,1.40391,1.39737,1.39907,40967
2025-10-27,1.39984,1.40086,1.39704,1.3989500000000001,39844
2025-10-28,1.39893,1.40056,1.3933499999999999,1.39449,39309
2025-10-29,1.39446,1.3955199999999999,1.38882,1.3942999999999999,50643
2025-10-30,1.39418,1.40144,1.39269,1.39859,49096
2025-10-31,1.39842,1.40354,1.39791,1.40107,43347
2025-11-03,1.40001,1.40757,1.39998,1.40553,34871
2025-11-04,1.40554,1.41073,1.40466,1.4102299999999999,40863
2025-11-05,1.41019,1.41406,1.40942,1.41069,42345
2025-11-06,1.41075,1.41402,1.40903,1.4117,43811
2025-11-07,1.4114499999999999,1.41263,1.40275,1.40445,40802
2025-11-10,1.4041299999999999,1.40466,1.40014,1.4020299999999999,49540
2025-11-11,1.40204,1.40412,1.4002,1.40188,36772
2025-11-12,1.40158,1.40217,1.39902,1.40069,41848
2025-11-13,1.4004699999999999,1.4037899999999999,1.39853,1.40348,43631
2025-11-14,1.40356,1.40454,1.4014,1.40259,48962
2025-11-17,1.40076,1.4058,1.40061,1.40554,42221
2025-11-18,1.40544,1.40624,1.39715,1.3988,48778
2025-11-19,1.39876,1.40655,1.39786,1.4049,46890
2025-11-20,1.40486,1.41072,1.40401,1.40968,50922
2025-11-21,1.40945,1.4131,1.40817,1.4098899999999999,55318
2025-11-24,1.4089,1.41191,1.4089,1.41058,35065
2025-11-25,1.41064,1.4125,1.409,1.4099599999999999,41282
2025-11-26,1.40961,1.41051,1.40348,1.40425,45775
2025-11-27,1.40402,1.4050099999999999,1.40276,1.40286,27427
2025-11-28,1.40272,1.40514,1.39382,1.39673,113532
2025-12-01,1.39707,1.40016,1.39546,1.39973,45394
2025-12-02,1.39977,1.40146,1.3967,1.3967800000000001,37496
2025-12-03,1.39648,1.39755,1.39385,1.395,42832
2025-12-04,1.39497,1.39773,1.39256,1.39571,43698
2025-12-05,1.39574,1.39608,1.38198,1.3826399999999999,39807
2025-12-08,1.38153,1.38598,1.38,1.38572,43331
2025-12-09,1.38562,1.38608,1.38236,1.3844400000000001,44225
2025-12-10,1.38449,1.38721,1.37839,1.37931,53734
2025-12-11,1.3792,1.38228,1.37568,1.37699,51841
2025-12-12,1.37684,1.37948,1.37535,1.37697,50409
2025-12-15,1.37591,1.37885,1.37477,1.37672,47282
2025-12-16,1.37679,1.37814,1.37301,1.37523,55747
2025-12-17,1.3751,1.37982,1.37448,1.37867,47391
2025-12-18,1.3784399999999999,1.37962,1.3756,1.37772,52174
2025-12-19,1.37721,1.38056,1.37552,1.3798,42656
2025-12-22,1.37818,1.38023,1.37359,1.37465,40877
2025-12-23,1.37443,1.37508,1.36855,1.36867,49222
2025-12-24,1.36859,1.36905,1.36651,1.36703,41741
2025-12-26,1.3676300000000001,1.3685100000000001,1.36425,1.36718,43738
2025-12-29,1.36501,1.3701400000000001,1.36501,1.36884,48324
2025-12-30,1.36887,1.37088,1.36787,1.36962,39085
2025-12-31,1.36955,1.3728099999999999,1.36863,1.37247,44242
2026-01-02,1.37218,1.37477,1.37002,1.37292,43575
2026-01-05,1.37259,1.38155,1.37249,1.37727,60245
2026-01-06,1.3768099999999999,1.38163,1.37515,1.38145,49517
2026-01-07,1.38132,1.38618,1.37903,1.38602,46230
2026-01-08,1.3860299999999999,1.38885,1.38509,1.38662,47975
2026-01-09,1.38594,1.39194,1.38564,1.3915600000000001,49714
2026-01-12,1.39092,1.39177,1.38674,1.38799,50824
2026-01-13,1.38719,1.38981,1.3854199999999999,1.38899,49992
2026-01-14,1.38863,1.38979,1.38663,1.38833,47303
2026-01-15,1.38782,1.39198,1.3866,1.3894,42666
2026-01-16,1.38855,1.39287,1.38805,1.39154,47673
2026-01-19,1.39083,1.3918300000000001,1.38598,1.3869099999999999,42631
2026-01-20,1.38645,1.38791,1.38144,1.38367,60349
2026-01-21,1.38327,1.3843,1.37856,1.38317,57273
2026-01-22,1.3833,1.38449,1.37829,1.3786399999999999,53105
2026-01-23,1.37845,1.37997,1.36939,1.3697300000000001,55154
2026-01-26,1.36955,1.3719999999999999,1.36717,1.37079,69584
2026-01-27,1.37054,1.37393,1.3559,1.35758,63935
2026-01-28,1.35698,1.36148,1.35361,1.35581,83410
2026-01-29,1.3553899999999999,1.35781,1.34848,1.34887,96443
2026-01-30,1.3489,1.36229,1.34789,1.36227,109244
2026-02-02,1.3598,1.37025,1.35917,1.36806,116747
2026-02-03,1.36799,1.3686,1.36325,1.36418,90231
2026-02-04,1.36376,1.36843,1.36245,1.3663,83733
2026-02-05,1.36606,1.3710499999999999,1.36442,1.3710200000000001,88617
2026-02-06,1.3708,1.37245,1.36245,1.3661699999999999,65261
2026-02-09,1.36693,1.3674,1.35526,1.3555,61983
2026-02-10,1.35565,1.35765,1.35233,1.35527,52567
2026-02-11,1.35409,1.36189,1.35043,1.35759,68438
2026-02-12,1.35742,1.36358,1.35557,1.36096,70539
2026-02-13,1.36081,1.36375,1.35934,1.36165,66828
2026-02-16,1.36054,1.36388,1.36012,1.36365,32325
2026-02-17,1.36341,1.36928,1.36206,1.36365,58574
2026-02-18,1.36355,1.37002,1.36324,1.36948,47528
2026-02-19,1.36955,1.37148,1.36677,1.36812,54153
2026-02-20,1.36786,1.3711,1.36693,1.36787,72957
2026-02-23,1.3664,1.37042,1.36487,1.36972,64204
2026-02-24,1.3695300000000001,1.3725,1.36842,1.36984,48353
2026-02-25,1.36978,1.37067,1.36725,1.36735,48058
2026-02-26,1.36735,1.37125,1.36592,1.36805,52839
2026-02-27,1.36802,1.36849,1.3625099999999999,1.36462,57369
2026-03-02,1.3643,1.37187,1.36303,1.36765,101137
2026-03-03,1.36725,1.3753,1.36532,1.36775,124572
2026-03-04,1.36789,1.37002,1.3626800000000001,1.36416,99945
2026-03-05,1.36413,1.37162,1.36154,1.36746,106168
2026-03-06,1.36718,1.36777,1.3563100000000001,1.35657,101681
2026-03-09,1.35979,1.36067,1.35256,1.3584800000000001,128777
2026-03-10,1.35861,1.36016,1.3542100000000001,1.35789,90660
2026-03-11,1.3578299999999999,1.36051,1.35549,1.3591,72245
2026-03-12,1.35923,1.36426,1.35768,1.36375,77350
2026-03-13,1.3637299999999999,1.37417,1.3620999999999999,1.37265,80452
2026-03-16,1.3714,1.3726099999999999,1.36531,1.36847,63289
2026-03-17,1.36852,1.37226,1.36775,1.369,53533
2026-03-18,1.369,1.3737599999999999,1.36863,1.37321,66953
2026-03-19,1.37303,1.37485,1.37047,1.37391,86383
2026-03-20,1.3738299999999999,1.37477,1.36996,1.3721700000000001,79749
2026-03-23,1.37101,1.37547,1.36699,1.37257,119299
2026-03-24,1.37243,1.37855,1.3713899999999999,1.37643,98596
2026-03-25,1.3762699999999999,1.3820000000000001,1.37501,1.38116,64581
2026-03-26,1.38101,1.38658,1.38002,1.38595,54738
2026-03-27,1.38594,1.38956,1.3845100000000001,1.38914,55537
2026-03-30,1.3878,1.39451,1.38764,1.39234,59850
2026-03-31,1.3921999999999999,1.39667,1.39059,1.39134,67743
2026-04-01,1.3912499999999999,1.39132,1.3872200000000001,1.38734,58157
2026-04-02,1.38726,1.3933499999999999,1.3869099999999999,1.39196,64546
2026-04-03,1.39173,1.39493,1.39117,1.39364,28277
2026-04-06,1.39351,1.39478,1.39025,1.39083,45805
2026-04-07,1.3906100000000001,1.39299,1.38855,1.38855,52606
2026-04-08,1.38825,1.38998,1.38238,1.38448,78067
2026-04-09,1.38391,1.38604,1.38046,1.38144,46216
2026-04-10,1.38089,1.38441,1.37992,1.38367,44419
2026-04-13,1.38597,1.38777,1.3786100000000001,1.3792900000000001,54351
2026-04-14,1.37901,1.37921,1.37309,1.3765800000000001,46283
2026-04-15,1.37636,1.37884,1.37268,1.37408,50587
2026-04-16,1.37372,1.37394,1.36954,1.3703,57677
2026-04-17,1.37027,1.37056,1.3649499999999999,1.36869,54199
2026-04-20,1.36801,1.3709799999999999,1.36349,1.36444,51779
2026-04-21,1.36419,1.36767,1.36311,1.36609,57509
2026-04-22,1.36624,1.36747,1.3643399999999999,1.36715,48930
2026-04-23,1.36707,1.37142,1.36573,1.36987,64552
2026-04-24,1.36997,1.37145,1.36629,1.3664,53476
2026-04-27,1.3679700000000001,1.36817,1.35975,1.3626,47952
2026-04-28,1.36249,1.36917,1.36128,1.3684,53912
2026-04-29,1.36792,1.37108,1.36674,1.36835,63828
2026-04-30,1.36833,1.3689,1.35801,1.35815,73977
2026-05-01,1.35803,1.35935,1.35501,1.35906,55481
2026-05-04,1.3585099999999999,1.36262,1.35738,1.3624399999999999,60091
2026-05-05,1.3623,1.3630200000000001,1.36042,1.36195,45817
2026-05-06,1.36177,1.36415,1.35781,1.36324,64438
2026-05-07,1.36319,1.36652,1.36192,1.3664399999999999,57542
2026-05-08,1.3649200000000001,1.37103,1.36428,1.36743,52017
2026-05-11,1.3675,1.3695,1.36483,1.36777,50463
2026-05-12,1.36753,1.37245,1.36695,1.36962,61447
2026-05-13,1.36936,1.37187,1.3684,1.37059,53894
2026-05-14,1.37043,1.37378,1.36987,1.37199,56466
2026-05-15,1.3718,1.37671,1.37114,1.37452,71885
2026-05-18,1.37453,1.37637,1.37323,1.37388,67434
2026-05-19,1.3738299999999999,1.37741,1.37337,1.37433,66498
2026-05-20,1.37436,1.37785,1.3731,1.37445,65469
2026-05-21,1.37445,1.38002,1.37331,1.37775,65521
2026-05-22,1.3776,1.3824,1.37684,1.38206,49995
2026-05-25,1.38046,1.38206,1.37949,1.38025,30902
2026-05-26,1.38022,1.38213,1.3796599999999999,1.38113,54028
2026-05-27,1.38118,1.3852,1.38001,1.38403,53415
2026-05-28,1.38378,1.387,1.3773900000000001,1.37839,61589
2026-05-29,1.37824,1.3829500000000001,1.37703,1.37919,58595
2026-06-01,1.37953,1.38494,1.37862,1.38408,61140
2026-06-02,1.384,1.3854199999999999,1.3815,1.3838599999999999,48236
2026-06-03,1.38375,1.38998,1.3827,1.38975,58608
2026-06-04,1.38949,1.3925100000000001,1.38811,1.39102,56643
2026-06-05,1.39069,1.39506,1.3866399999999999,1.3939300000000001,63975
2026-06-08,1.39326,1.39612,1.39241,1.39537,69256
2026-06-09,1.39497,1.39693,1.3919000000000001,1.3949099999999999,71051
2026-06-10,1.39467,1.39572,1.38993,1.39431,74956
2026-06-11,1.39412,1.4024,1.39316,1.3966,72958
2026-06-12,1.39654,1.3996,1.39512,1.39897,78442
2026-06-15,1.39865,1.39941,1.39506,1.39903,58153
2026-06-16,1.39874,1.40185,1.39801,1.39943,51106
2026-06-17,1.39938,1.4123,1.39839,1.40994,60019
2026-06-18,1.4098600000000001,1.41467,1.40921,1.41363,68906
2026-06-19,1.41277,1.41833,1.4121299999999999,1.4165,45907
2026-06-22,1.41611,1.41934,1.41451,1.41586,61480
2026-06-23,1.4154200000000001,1.42172,1.41496,1.42096,64171
2026-06-24,1.4209100000000001,1.42481,1.41964,1.42321,64966
2026-06-25,1.42314,1.42482,1.41775,1.42007,63243
2026-06-26,1.42005,1.4209800000000001,1.41693,1.41889,67858
2026-06-29,1.4188100000000001,1.42178,1.41771,1.42106,50556
2026-06-30,1.42025,1.42475,1.41783,1.41952,55989
2026-07-01,1.41943,1.42352,1.41919,1.42153,54893
2026-07-02,1.42141,1.42243,1.41502,1.41808,67550
2026-07-03,1.41809,1.42071,1.41596,1.42025,53162
2026-07-06,1.41891,1.42388,1.41825,1.42047,53222
2026-07-07,1.41986,1.42264,1.41836,1.41998,52000
2026-07-08,1.4199899999999999,1.42087,1.41551,1.41733,71931
2026-07-09,1.41706,1.41897,1.41528,1.41678,49909
2026-07-10,1.41668,1.41726,1.41175,1.41552,56480
2026-07-13,1.41525,1.41748,1.41253,1.41554,72440
2026-07-14,1.41523,1.41556,1.40476,1.4059300000000001,76509
2026-07-15,1.40548,1.40774,1.40248,1.40408,55483
2026-07-16,1.40404,1.40582,1.4010500000000001,1.40415,45711
2026-07-17,1.4034900000000001,1.40452,1.40056,1.40153,49545
2026-07-20,1.40096,1.40721,1.40032,1.407,39292
2026-07-21,1.40692,1.4111,1.40544,1.41104,41953
2026-07-22,1.41075,1.41114,1.40765,1.40872,42000
2026-07-23,1.40863,1.40998,1.40567,1.40839,57317
2026-07-24,1.40842,1.41148,1.40664,1.40921,56721
2026-07-27,1.40856,1.41265,1.40706,1.41236,54855
2026-07-28,1.4123,1.4129,1.40862,1.41077,52158
2026-07-29,1.41066,1.41098,1.40235,1.40469,73390
2026-07-30,1.40463,1.40679,1.39908,1.4010099999999999,68441
2026-07-31,1.40109,1.40588,1.40027,1.4015,74146
2026-08-03,1.4007800000000001,1.40536,1.4003700000000001,1.4046,60372
2026-08-04,1.40431,1.4080300000000001,1.4035199999999999,1.40606,57935
2026-08-05,1.4062000000000001,1.40802,1.40051,1.40112,62431
2026-08-06,1.40107,1.4037899999999999,1.39905,1.40128,47302
2026-08-07,1.40119,1.40292,1.39257,1.3940299999999999,56785
2026-08-10,1.39456,1.39639,1.39266,1.39402,47287
2026-08-11,1.3939300000000001,1.3946100000000001,1.39154,1.39249,49566
2026-08-12,1.39221,1.39471,1.39082,1.39387,47057
2026-08-13,1.39391,1.39584,1.3928099999999999,1.3931,51009
2026-08-14,1.39297,1.39334,1.38642,1.3872,49934
2026-08-17,1.38706,1.38778,1.3844699999999999,1.38744,44594
2026-08-18,1.38716,1.39101,1.38615,1.38962,47343
2026-08-19,1.38957,1.39081,1.38033,1.38079,68815
2026-08-20,1.38079,1.38128,1.37557,1.37894,62614
2026-08-21,1.37894,1.37894,1.3732,1.37673,52398
2026-08-24,1.38058,1.38601,1.37829,1.38445,58311
2026-08-25,1.3844,1.3867,1.38252,1.38408,50626
2026-08-26,1.38244,1.38931,1.38244,1.3875600000000001,46183
2026-08-27,1.38761,1.38911,1.38521,1.38552,47637
2026-08-28,1.38431,1.39099,1.38431,1.39076,52020
2026-08-31,1.3908,1.39114,1.38527,1.38544,54120
2026-09-01,1.38529,1.39067,1.38453,1.38959,50455
2026-09-02,1.3895,1.39398,1.3835,1.38439,66425
2026-09-03,1.38387,1.3847800000000001,1.37652,1.3794,66297
2026-09-04,1.3791,1.38721,1.37772,1.38366,53774
2026-09-07,1.3829099999999999,1.38416,1.38049,1.38138,33382
2026-09-08,1.38138,1.38165,1.37598,1.37825,65113
2026-09-09,1.37826,1.38205,1.37661,1.38053,50876
2026-09-10,1.38013,1.38395,1.37937,1.38334,53630
2026-09-11,1.3832499999999999,1.3884,1.38178,1.3872499999999999,65945
2026-09-14,1.3867,1.39296,1.38543,1.39011,55632
2026-09-15,1.39013,1.39292,1.3894,1.39206,45448
2026-09-16,1.3916,1.39948,1.3909799999999999,1.39896,49249
2026-09-17,1.39874,1.4001700000000001,1.39738,1.39903,47449
2026-09-18,1.399,1.40145,1.3976199999999999,1.39833,46982
2026-09-21,1.39851,1.40391,1.3979,1.40346,42396
2026-09-22,1.4034,1.40841,1.40247,1.40648,52343
2026-09-23,1.40595,1.41096,1.4057,1.41038,55036
2026-09-24,1.41013,1.41497,1.40863,1.4138,52697
2026-09-25,1.4131,1.4154499999999999,1.41261,1.41424,47821
2026-09-28,1.41375,1.41777,1.41311,1.41743,49174
2026-09-29,1.4174,1.42016,1.41654,1.41897,51332
2026-09-30,1.41891,1.4236900000000001,1.41548,1.42322,53801
2026-10-01,1.42305,1.42627,1.42176,1.42219,64088
2026-10-02,1.422,1.42615,1.42036,1.4252500000000001,64083
